track,anchor_place,start_sec,end_sec,combo_type,stem_A,cat_A,file_A,stem_B,cat_B,file_B,key,timing,tempo,mode,polyrhythm
Track00001,18,107.987,113.986,drum_bass,S01,Drums,/Users/hugoposthuma/Downloads/Thesis/babyslakh_16k/Track00001/pos_slices/Track00001_S01_place018.wav,S03,Bass,/Users/hugoposthuma/Downloads/Thesis/babyslakh_16k/Track00001/pos_slices/Track00001_S03_place018.wav,1,1,1,1,1
Track00001,18,107.987,113.986,bass_main,S03,Bass,/Users/hugoposthuma/Downloads/Thesis/babyslakh_16k/Track00001/pos_slices/Track00001_S03_place018.wav,S00,Melody,/Users/hugoposthuma/Downloads/Thesis/babyslakh_16k/Track00001/pos_slices/Track00001_S00_place018.wav,1,1,1,1,1
Track00001,18,107.987,113.986,drum_main,S01,Drums,/Users/hugoposthuma/Downloads/Thesis/babyslakh_16k/Track00001/pos_slices/Track00001_S01_place018.wav,S00,Melody,/Users/hugoposthuma/Downloads/Thesis/babyslakh_16k/Track00001/pos_slices/Track00001_S00_place018.wav,1,1,1,1,1
Track00001,18,107.987,113.986,mel_mel,S05,Melody,/Users/hugoposthuma/Downloads/Thesis/babyslakh_16k/Track00001/pos_slices/Track00001_S05_place018.wav,S09,Melody,/Users/hugoposthuma/Downloads/Thesis/babyslakh_16k/Track00001/pos_slices/Track00001_S09_place018.wav,1,1,1,1,1
Track00001,18,107.987,113.986,mel_mel,S00,Melody,/Users/hugoposthuma/Downloads/Thesis/babyslakh_16k/Track00001/pos_slices/Track00001_S00_place018.wav,S07,Melody,/Users/hugoposthuma/Downloads/Thesis/babyslakh_16k/Track00001/pos_slices/Track00001_S07_place018.wav,1,1,1,1,1
Track00001,18,107.987,113.986,mel_mel,S00,Melody,/Users/hugoposthuma/Downloads/Thesis/babyslakh_16k/Track00001/pos_slices/Track00001_S00_place018.wav,S02,Melody,/Users/hugoposthuma/Downloads/Thesis/babyslakh_16k/Track00001/pos_slices/Track00001_S02_place018.wav,1,1,1,1,1
Track00001,18,107.987,113.986,mel_mel,S07,Melody,/Users/hugoposthuma/Downloads/Thesis/babyslakh_16k/Track00001/pos_slices/Track00001_S07_place018.wav,S09,Melody,/Users/hugoposthuma/Downloads/Thesis/babyslakh_16k/Track00001/pos_slices/Track00001_S09_place018.wav,1,1,1,1,1
Track00001,20,119.985,125.984,drum_bass,S01,Drums,/Users/hugoposthuma/Downloads/Thesis/babyslakh_16k/Track00001/pos_slices/Track00001_S01_place020.wav,S03,Bass,/Users/hugoposthuma/Downloads/Thesis/babyslakh_16k/Track00001/pos_slices/Track00001_S03_place020.wav,1,1,1,1,1
Track00001,20,119.985,125.984,bass_main,S03,Bass,/Users/hugoposthuma/Downloads/Thesis/babyslakh_16k/Track00001/pos_slices/Track00001_S03_place020.wav,S08,Melody,/Users/hugoposthuma/Downloads/Thesis/babyslakh_16k/Track00001/pos_slices/Track00001_S08_place020.wav,1,1,1,1,1
Track00001,20,119.985,125.984,drum_main,S01,Drums,/Users/hugoposthuma/Downloads/Thesis/babyslakh_16k/Track00001/pos_slices/Track00001_S01_place020.wav,S08,Melody,/Users/hugoposthuma/Downloads/Thesis/babyslakh_16k/Track00001/pos_slices/Track00001_S08_place020.wav,1,1,1,1,1
Track00001,20,119.985,125.984,mel_mel,S04,Melody,/Users/hugoposthuma/Downloads/Thesis/babyslakh_16k/Track00001/pos_slices/Track00001_S04_place020.wav,S08,Melody,/Users/hugoposthuma/Downloads/Thesis/babyslakh_16k/Track00001/pos_slices/Track00001_S08_place020.wav,1,1,1,1,1
Track00001,20,119.985,125.984,mel_mel,S04,Melody,/Users/hugoposthuma/Downloads/Thesis/babyslakh_16k/Track00001/pos_slices/Track00001_S04_place020.wav,S07,Melody,/Users/hugoposthuma/Downloads/Thesis/babyslakh_16k/Track00001/pos_slices/Track00001_S07_place020.wav,1,1,1,1,1
Track00001,20,119.985,125.984,mel_mel,S08,Melody,/Users/hugoposthuma/Downloads/Thesis/babyslakh_16k/Track00001/pos_slices/Track00001_S08_place020.wav,S10,Melody,/Users/hugoposthuma/Downloads/Thesis/babyslakh_16k/Track00001/pos_slices/Track00001_S10_place020.wav,1,1,1,1,1
Track00001,20,119.985,125.984,mel_mel,S02,Melody,/Users/hugoposthuma/Downloads/Thesis/babyslakh_16k/Track00001/pos_slices/Track00001_S02_place020.wav,S09,Melody,/Users/hugoposthuma/Downloads/Thesis/babyslakh_16k/Track00001/pos_slices/Track00001_S09_place020.wav,1,1,1,1,1
Track00002,19,76.0,80.0,drum_bass,S09,Drums,/Users/hugoposthuma/Downloads/Thesis/babyslakh_16k/Track00002/pos_slices/Track00002_S09_place019.wav,S01,Bass,/Users/hugoposthuma/Downloads/Thesis/babyslakh_16k/Track00002/pos_slices/Track00002_S01_place019.wav,1,1,1,1,1
Track00002,19,76.0,80.0,bass_main,S01,Bass,/Users/hugoposthuma/Downloads/Thesis/babyslakh_16k/Track00002/pos_slices/Track00002_S01_place019.wav,S05,Melody,/Users/hugoposthuma/Downloads/Thesis/babyslakh_16k/Track00002/pos_slices/Track00002_S05_place019.wav,1,1,1,1,1
Track00002,19,76.0,80.0,drum_main,S09,Drums,/Users/hugoposthuma/Downloads/Thesis/babyslakh_16k/Track00002/pos_slices/Track00002_S09_place019.wav,S05,Melody,/Users/hugoposthuma/Downloads/Thesis/babyslakh_16k/Track00002/pos_slices/Track00002_S05_place019.wav,1,1,1,1,1
Track00002,19,76.0,80.0,mel_mel,S03,Melody,/Users/hugoposthuma/Downloads/Thesis/babyslakh_16k/Track00002/pos_slices/Track00002_S03_place019.wav,S08,Melody,/Users/hugoposthuma/Downloads/Thesis/babyslakh_16k/Track00002/pos_slices/Track00002_S08_place019.wav,1,1,1,1,1
Track00002,19,76.0,80.0,mel_mel,S00,Melody,/Users/hugoposthuma/Downloads/Thesis/babyslakh_16k/Track00002/pos_slices/Track00002_S00_place019.wav,S03,Melody,/Users/hugoposthuma/Downloads/Thesis/babyslakh_16k/Track00002/pos_slices/Track00002_S03_place019.wav,1,1,1,1,1
Track00002,19,76.0,80.0,mel_mel,S03,Melody,/Users/hugoposthuma/Downloads/Thesis/babyslakh_16k/Track00002/pos_slices/Track00002_S03_place019.wav,S06,Melody,/Users/hugoposthuma/Downloads/Thesis/babyslakh_16k/Track00002/pos_slices/Track00002_S06_place019.wav,1,1,1,1,1
Track00002,19,76.0,80.0,mel_mel,S06,Melody,/Users/hugoposthuma/Downloads/Thesis/babyslakh_16k/Track00002/pos_slices/Track00002_S06_place019.wav,S08,Melody,/Users/hugoposthuma/Downloads/Thesis/babyslakh_16k/Track00002/pos_slices/Track00002_S08_place019.wav,1,1,1,1,1
Track00002,41,164.0,168.0,drum_bass,S09,Drums,/Users/hugoposthuma/Downloads/Thesis/babyslakh_16k/Track00002/pos_slices/Track00002_S09_place041.wav,S01,Bass,/Users/hugoposthuma/Downloads/Thesis/babyslakh_16k/Track00002/pos_slices/Track00002_S01_place041.wav,1,1,1,1,1
Track00002,41,164.0,168.0,bass_main,S01,Bass,/Users/hugoposthuma/Downloads/Thesis/babyslakh_16k/Track00002/pos_slices/Track00002_S01_place041.wav,S04,Melody,/Users/hugoposthuma/Downloads/Thesis/babyslakh_16k/Track00002/pos_slices/Track00002_S04_place041.wav,1,1,1,1,1
Track00002,41,164.0,168.0,drum_main,S09,Drums,/Users/hugoposthuma/Downloads/Thesis/babyslakh_16k/Track00002/pos_slices/Track00002_S09_place041.wav,S04,Melody,/Users/hugoposthuma/Downloads/Thesis/babyslakh_16k/Track00002/pos_slices/Track00002_S04_place041.wav,1,1,1,1,1
Track00002,41,164.0,168.0,mel_mel,S07,Melody,/Users/hugoposthuma/Downloads/Thesis/babyslakh_16k/Track00002/pos_slices/Track00002_S07_place041.wav,S08,Melody,/Users/hugoposthuma/Downloads/Thesis/babyslakh_16k/Track00002/pos_slices/Track00002_S08_place041.wav,1,1,1,1,1
Track00002,41,164.0,168.0,mel_mel,S03,Melody,/Users/hugoposthuma/Downloads/Thesis/babyslakh_16k/Track00002/pos_slices/Track00002_S03_place041.wav,S08,Melody,/Users/hugoposthuma/Downloads/Thesis/babyslakh_16k/Track00002/pos_slices/Track00002_S08_place041.wav,1,1,1,1,1
Track00002,41,164.0,168.0,mel_mel,S02,Melody,/Users/hugoposthuma/Downloads/Thesis/babyslakh_16k/Track00002/pos_slices/Track00002_S02_place041.wav,S04,Melody,/Users/hugoposthuma/Downloads/Thesis/babyslakh_16k/Track00002/pos_slices/Track00002_S04_place041.wav,1,1,1,1,1
Track00002,41,164.0,168.0,mel_mel,S04,Melody,/Users/hugoposthuma/Downloads/Thesis/babyslakh_16k/Track00002/pos_slices/Track00002_S04_place041.wav,S06,Melody,/Users/hugoposthuma/Downloads/Thesis/babyslakh_16k/Track00002/pos_slices/Track00002_S06_place041.wav,1,1,1,1,1
Track00003,10,32.0,35.2,drum_bass,S06,Drums,/Users/hugoposthuma/Downloads/Thesis/babyslakh_16k/Track00003/pos_slices/Track00003_S06_place010.wav,S01,Bass,/Users/hugoposthuma/Downloads/Thesis/babyslakh_16k/Track00003/pos_slices/Track00003_S01_place010.wav,1,1,1,1,1
Track00003,10,32.0,35.2,bass_main,S01,Bass,/Users/hugoposthuma/Downloads/Thesis/babyslakh_16k/Track00003/pos_slices/Track00003_S01_place010.wav,S07,Melody,/Users/hugoposthuma/Downloads/Thesis/babyslakh_16k/Track00003/pos_slices/Track00003_S07_place010.wav,1,1,1,1,1
Track00003,10,32.0,35.2,drum_main,S06,Drums,/Users/hugoposthuma/Downloads/Thesis/babyslakh_16k/Track00003/pos_slices/Track00003_S06_place010.wav,S07,Melody,/Users/hugoposthuma/Downloads/Thesis/babyslakh_16k/Track00003/pos_slices/Track00003_S07_place010.wav,1,1,1,1,1
Track00003,10,32.0,35.2,mel_mel,S02,Melody,/Users/hugoposthuma/Downloads/Thesis/babyslakh_16k/Track00003/pos_slices/Track00003_S02_place010.wav,S07,Melody,/Users/hugoposthuma/Downloads/Thesis/babyslakh_16k/Track00003/pos_slices/Track00003_S07_place010.wav,1,1,1,1,1
Track00003,10,32.0,35.2,mel_mel,S00,Melody,/Users/hugoposthuma/Downloads/Thesis/babyslakh_16k/Track00003/pos_slices/Track00003_S00_place010.wav,S02,Melody,/Users/hugoposthuma/Downloads/Thesis/babyslakh_16k/Track00003/pos_slices/Track00003_S02_place010.wav,1,1,1,1,1
Track00003,10,32.0,35.2,mel_mel,S03,Melody,/Users/hugoposthuma/Downloads/Thesis/babyslakh_16k/Track00003/pos_slices/Track00003_S03_place010.wav,S07,Melody,/Users/hugoposthuma/Downloads/Thesis/babyslakh_16k/Track00003/pos_slices/Track00003_S07_place010.wav,1,1,1,1,1
Track00003,10,32.0,35.2,mel_mel,S03,Melody,/Users/hugoposthuma/Downloads/Thesis/babyslakh_16k/Track00003/pos_slices/Track00003_S03_place010.wav,S04,Melody,/Users/hugoposthuma/Downloads/Thesis/babyslakh_16k/Track00003/pos_slices/Track00003_S04_place010.wav,1,1,1,1,1
Track00003,55,176.0,179.2,drum_bass,S06,Drums,/Users/hugoposthuma/Downloads/Thesis/babyslakh_16k/Track00003/pos_slices/Track00003_S06_place055.wav,S01,Bass,/Users/hugoposthuma/Downloads/Thesis/babyslakh_16k/Track00003/pos_slices/Track00003_S01_place055.wav,1,1,1,1,1
Track00003,55,176.0,179.2,bass_main,S01,Bass,/Users/hugoposthuma/Downloads/Thesis/babyslakh_16k/Track00003/pos_slices/Track00003_S01_place055.wav,S07,Melody,/Users/hugoposthuma/Downloads/Thesis/babyslakh_16k/Track00003/pos_slices/Track00003_S07_place055.wav,1,1,1,1,1
Track00003,55,176.0,179.2,drum_main,S06,Drums,/Users/hugoposthuma/Downloads/Thesis/babyslakh_16k/Track00003/pos_slices/Track00003_S06_place055.wav,S07,Melody,/Users/hugoposthuma/Downloads/Thesis/babyslakh_16k/Track00003/pos_slices/Track00003_S07_place055.wav,1,1,1,1,1
Track00003,55,176.0,179.2,mel_mel,S00,Melody,/Users/hugoposthuma/Downloads/Thesis/babyslakh_16k/Track00003/pos_slices/Track00003_S00_place055.wav,S07,Melody,/Users/hugoposthuma/Downloads/Thesis/babyslakh_16k/Track00003/pos_slices/Track00003_S07_place055.wav,1,1,1,1,1
Track00003,55,176.0,179.2,mel_mel,S04,Melody,/Users/hugoposthuma/Downloads/Thesis/babyslakh_16k/Track00003/pos_slices/Track00003_S04_place055.wav,S07,Melody,/Users/hugoposthuma/Downloads/Thesis/babyslakh_16k/Track00003/pos_slices/Track00003_S07_place055.wav,1,1,1,1,1
Track00003,55,176.0,179.2,mel_mel,S00,Melody,/Users/hugoposthuma/Downloads/Thesis/babyslakh_16k/Track00003/pos_slices/Track00003_S00_place055.wav,S02,Melody,/Users/hugoposthuma/Downloads/Thesis/babyslakh_16k/Track00003/pos_slices/Track00003_S02_place055.wav,1,1,1,1,1
Track00003,55,176.0,179.2,mel_mel,S02,Melody,/Users/hugoposthuma/Downloads/Thesis/babyslakh_16k/Track00003/pos_slices/Track00003_S02_place055.wav,S03,Melody,/Users/hugoposthuma/Downloads/Thesis/babyslakh_16k/Track00003/pos_slices/Track00003_S03_place055.wav,1,1,1,1,1
Track00004,17,70.957,75.131,drum_bass,S08,Drums,/Users/hugoposthuma/Downloads/Thesis/babyslakh_16k/Track00004/pos_slices/Track00004_S08_place017.wav,S01,Bass,/Users/hugoposthuma/Downloads/Thesis/babyslakh_16k/Track00004/pos_slices/Track00004_S01_place017.wav,1,1,1,1,1
Track00004,17,70.957,75.131,bass_main,S01,Bass,/Users/hugoposthuma/Downloads/Thesis/babyslakh_16k/Track00004/pos_slices/Track00004_S01_place017.wav,S06,Melody,/Users/hugoposthuma/Downloads/Thesis/babyslakh_16k/Track00004/pos_slices/Track00004_S06_place017.wav,1,1,1,1,1
Track00004,17,70.957,75.131,drum_main,S08,Drums,/Users/hugoposthuma/Downloads/Thesis/babyslakh_16k/Track00004/pos_slices/Track00004_S08_place017.wav,S06,Melody,/Users/hugoposthuma/Downloads/Thesis/babyslakh_16k/Track00004/pos_slices/Track00004_S06_place017.wav,1,1,1,1,1
Track00004,17,70.957,75.131,mel_mel,S00,Melody,/Users/hugoposthuma/Downloads/Thesis/babyslakh_16k/Track00004/pos_slices/Track00004_S00_place017.wav,S05,Melody,/Users/hugoposthuma/Downloads/Thesis/babyslakh_16k/Track00004/pos_slices/Track00004_S05_place017.wav,1,1,1,1,1
Track00004,17,70.957,75.131,mel_mel,S03,Melody,/Users/hugoposthuma/Downloads/Thesis/babyslakh_16k/Track00004/pos_slices/Track00004_S03_place017.wav,S06,Melody,/Users/hugoposthuma/Downloads/Thesis/babyslakh_16k/Track00004/pos_slices/Track00004_S06_place017.wav,1,1,1,1,1
Track00004,17,70.957,75.131,mel_mel,S03,Melody,/Users/hugoposthuma/Downloads/Thesis/babyslakh_16k/Track00004/pos_slices/Track00004_S03_place017.wav,S05,Melody,/Users/hugoposthuma/Downloads/Thesis/babyslakh_16k/Track00004/pos_slices/Track00004_S05_place017.wav,1,1,1,1,1
Track00004,17,70.957,75.131,mel_mel,S04,Melody,/Users/hugoposthuma/Downloads/Thesis/babyslakh_16k/Track00004/pos_slices/Track00004_S04_place017.wav,S06,Melody,/Users/hugoposthuma/Downloads/Thesis/babyslakh_16k/Track00004/pos_slices/Track00004_S06_place017.wav,1,1,1,1,1
Track00004,32,133.566,137.74,drum_bass,S08,Drums,/Users/hugoposthuma/Downloads/Thesis/babyslakh_16k/Track00004/pos_slices/Track00004_S08_place032.wav,S01,Bass,/Users/hugoposthuma/Downloads/Thesis/babyslakh_16k/Track00004/pos_slices/Track00004_S01_place032.wav,1,1,1,1,1
Track00004,32,133.566,137.74,bass_main,S01,Bass,/Users/hugoposthuma/Downloads/Thesis/babyslakh_16k/Track00004/pos_slices/Track00004_S01_place032.wav,S06,Melody,/Users/hugoposthuma/Downloads/Thesis/babyslakh_16k/Track00004/pos_slices/Track00004_S06_place032.wav,1,1,1,1,1
Track00004,32,133.566,137.74,drum_main,S08,Drums,/Users/hugoposthuma/Downloads/Thesis/babyslakh_16k/Track00004/pos_slices/Track00004_S08_place032.wav,S06,Melody,/Users/hugoposthuma/Downloads/Thesis/babyslakh_16k/Track00004/pos_slices/Track00004_S06_place032.wav,1,1,1,1,1
Track00004,32,133.566,137.74,mel_mel,S02,Melody,/Users/hugoposthuma/Downloads/Thesis/babyslakh_16k/Track00004/pos_slices/Track00004_S02_place032.wav,S06,Melody,/Users/hugoposthuma/Downloads/Thesis/babyslakh_16k/Track00004/pos_slices/Track00004_S06_place032.wav,1,1,1,1,1
Track00004,32,133.566,137.74,mel_mel,S02,Melody,/Users/hugoposthuma/Downloads/Thesis/babyslakh_16k/Track00004/pos_slices/Track00004_S02_place032.wav,S04,Melody,/Users/hugoposthuma/Downloads/Thesis/babyslakh_16k/Track00004/pos_slices/Track00004_S04_place032.wav,1,1,1,1,1
Track00004,32,133.566,137.74,mel_mel,S00,Melody,/Users/hugoposthuma/Downloads/Thesis/babyslakh_16k/Track00004/pos_slices/Track00004_S00_place032.wav,S05,Melody,/Users/hugoposthuma/Downloads/Thesis/babyslakh_16k/Track00004/pos_slices/Track00004_S05_place032.wav,1,1,1,1,1
Track00004,32,133.566,137.74,mel_mel,S02,Melody,/Users/hugoposthuma/Downloads/Thesis/babyslakh_16k/Track00004/pos_slices/Track00004_S02_place032.wav,S05,Melody,/Users/hugoposthuma/Downloads/Thesis/babyslakh_16k/Track00004/pos_slices/Track00004_S05_place032.wav,1,1,1,1,1
Track00005,20,90.566,95.095,drum_bass,S00,Drums,/Users/hugoposthuma/Downloads/Thesis/babyslakh_16k/Track00005/pos_slices/Track00005_S00_place020.wav,S04,Bass,/Users/hugoposthuma/Downloads/Thesis/babyslakh_16k/Track00005/pos_slices/Track00005_S04_place020.wav,1,1,1,1,1
Track00005,20,90.566,95.095,bass_main,S04,Bass,/Users/hugoposthuma/Downloads/Thesis/babyslakh_16k/Track00005/pos_slices/Track00005_S04_place020.wav,S05,Melody,/Users/hugoposthuma/Downloads/Thesis/babyslakh_16k/Track00005/pos_slices/Track00005_S05_place020.wav,1,1,1,1,1
Track00005,20,90.566,95.095,drum_main,S00,Drums,/Users/hugoposthuma/Downloads/Thesis/babyslakh_16k/Track00005/pos_slices/Track00005_S00_place020.wav,S05,Melody,/Users/hugoposthuma/Downloads/Thesis/babyslakh_16k/Track00005/pos_slices/Track00005_S05_place020.wav,1,1,1,1,1
Track00005,20,90.566,95.095,mel_mel,S06,Melody,/Users/hugoposthuma/Downloads/Thesis/babyslakh_16k/Track00005/pos_slices/Track00005_S06_place020.wav,S07,Melody,/Users/hugoposthuma/Downloads/Thesis/babyslakh_16k/Track00005/pos_slices/Track00005_S07_place020.wav,1,1,1,1,1
Track00005,20,90.566,95.095,mel_mel,S02,Melody,/Users/hugoposthuma/Downloads/Thesis/babyslakh_16k/Track00005/pos_slices/Track00005_S02_place020.wav,S06,Melody,/Users/hugoposthuma/Downloads/Thesis/babyslakh_16k/Track00005/pos_slices/Track00005_S06_place020.wav,1,1,1,1,1
Track00005,20,90.566,95.095,mel_mel,S08,Melody,/Users/hugoposthuma/Downloads/Thesis/babyslakh_16k/Track00005/pos_slices/Track00005_S08_place020.wav,S11,Melody,/Users/hugoposthuma/Downloads/Thesis/babyslakh_16k/Track00005/pos_slices/Track00005_S11_place020.wav,1,1,1,1,1
Track00005,20,90.566,95.095,mel_mel,S11,Melody,/Users/hugoposthuma/Downloads/Thesis/babyslakh_16k/Track00005/pos_slices/Track00005_S11_place020.wav,S13,Melody,/Users/hugoposthuma/Downloads/Thesis/babyslakh_16k/Track00005/pos_slices/Track00005_S13_place020.wav,1,1,1,1,1
Track00005,32,144.906,149.434,drum_bass,S00,Drums,/Users/hugoposthuma/Downloads/Thesis/babyslakh_16k/Track00005/pos_slices/Track00005_S00_place032.wav,S04,Bass,/Users/hugoposthuma/Downloads/Thesis/babyslakh_16k/Track00005/pos_slices/Track00005_S04_place032.wav,1,1,1,1,1
Track00005,32,144.906,149.434,bass_main,S04,Bass,/Users/hugoposthuma/Downloads/Thesis/babyslakh_16k/Track00005/pos_slices/Track00005_S04_place032.wav,S11,Melody,/Users/hugoposthuma/Downloads/Thesis/babyslakh_16k/Track00005/pos_slices/Track00005_S11_place032.wav,1,1,1,1,1
Track00005,32,144.906,149.434,drum_main,S00,Drums,/Users/hugoposthuma/Downloads/Thesis/babyslakh_16k/Track00005/pos_slices/Track00005_S00_place032.wav,S11,Melody,/Users/hugoposthuma/Downloads/Thesis/babyslakh_16k/Track00005/pos_slices/Track00005_S11_place032.wav,1,1,1,1,1
Track00005,32,144.906,149.434,mel_mel,S01,Melody,/Users/hugoposthuma/Downloads/Thesis/babyslakh_16k/Track00005/pos_slices/Track00005_S01_place032.wav,S02,Melody,/Users/hugoposthuma/Downloads/Thesis/babyslakh_16k/Track00005/pos_slices/Track00005_S02_place032.wav,1,1,1,1,1
Track00005,32,144.906,149.434,mel_mel,S01,Melody,/Users/hugoposthuma/Downloads/Thesis/babyslakh_16k/Track00005/pos_slices/Track00005_S01_place032.wav,S12,Melody,/Users/hugoposthuma/Downloads/Thesis/babyslakh_16k/Track00005/pos_slices/Track00005_S12_place032.wav,1,1,1,1,1
Track00005,32,144.906,149.434,mel_mel,S07,Melody,/Users/hugoposthuma/Downloads/Thesis/babyslakh_16k/Track00005/pos_slices/Track00005_S07_place032.wav,S11,Melody,/Users/hugoposthuma/Downloads/Thesis/babyslakh_16k/Track00005/pos_slices/Track00005_S11_place032.wav,1,1,1,1,1
Track00005,32,144.906,149.434,mel_mel,S02,Melody,/Users/hugoposthuma/Downloads/Thesis/babyslakh_16k/Track00005/pos_slices/Track00005_S02_place032.wav,S12,Melody,/Users/hugoposthuma/Downloads/Thesis/babyslakh_16k/Track00005/pos_slices/Track00005_S12_place032.wav,1,1,1,1,1
Track00006,10,77.419,85.161,drum_bass,S00,Drums,/Users/hugoposthuma/Downloads/Thesis/babyslakh_16k/Track00006/pos_slices/Track00006_S00_place010.wav,S03,Bass,/Users/hugoposthuma/Downloads/Thesis/babyslakh_16k/Track00006/pos_slices/Track00006_S03_place010.wav,1,1,1,1,1
Track00006,10,77.419,85.161,bass_main,S03,Bass,/Users/hugoposthuma/Downloads/Thesis/babyslakh_16k/Track00006/pos_slices/Track00006_S03_place010.wav,S11,Melody,/Users/hugoposthuma/Downloads/Thesis/babyslakh_16k/Track00006/pos_slices/Track00006_S11_place010.wav,1,1,1,1,1
Track00006,10,77.419,85.161,drum_main,S00,Drums,/Users/hugoposthuma/Downloads/Thesis/babyslakh_16k/Track00006/pos_slices/Track00006_S00_place010.wav,S11,Melody,/Users/hugoposthuma/Downloads/Thesis/babyslakh_16k/Track00006/pos_slices/Track00006_S11_place010.wav,1,1,1,1,1
Track00006,10,77.419,85.161,mel_mel,S04,Melody,/Users/hugoposthuma/Downloads/Thesis/babyslakh_16k/Track00006/pos_slices/Track00006_S04_place010.wav,S05,Melody,/Users/hugoposthuma/Downloads/Thesis/babyslakh_16k/Track00006/pos_slices/Track00006_S05_place010.wav,1,1,1,1,1
Track00006,10,77.419,85.161,mel_mel,S02,Melody,/Users/hugoposthuma/Downloads/Thesis/babyslakh_16k/Track00006/pos_slices/Track00006_S02_place010.wav,S04,Melody,/Users/hugoposthuma/Downloads/Thesis/babyslakh_16k/Track00006/pos_slices/Track00006_S04_place010.wav,1,1,1,1,1
Track00006,10,77.419,85.161,mel_mel,S02,Melody,/Users/hugoposthuma/Downloads/Thesis/babyslakh_16k/Track00006/pos_slices/Track00006_S02_place010.wav,S08,Melody,/Users/hugoposthuma/Downloads/Thesis/babyslakh_16k/Track00006/pos_slices/Track00006_S08_place010.wav,1,1,1,1,1
Track00006,10,77.419,85.161,mel_mel,S04,Melody,/Users/hugoposthuma/Downloads/Thesis/babyslakh_16k/Track00006/pos_slices/Track00006_S04_place010.wav,S10,Melody,/Users/hugoposthuma/Downloads/Thesis/babyslakh_16k/Track00006/pos_slices/Track00006_S10_place010.wav,1,1,1,1,1
Track00006,24,185.806,193.548,drum_bass,S00,Drums,/Users/hugoposthuma/Downloads/Thesis/babyslakh_16k/Track00006/pos_slices/Track00006_S00_place024.wav,S03,Bass,/Users/hugoposthuma/Downloads/Thesis/babyslakh_16k/Track00006/pos_slices/Track00006_S03_place024.wav,1,1,1,1,1
Track00006,24,185.806,193.548,bass_main,S03,Bass,/Users/hugoposthuma/Downloads/Thesis/babyslakh_16k/Track00006/pos_slices/Track00006_S03_place024.wav,S11,Melody,/Users/hugoposthuma/Downloads/Thesis/babyslakh_16k/Track00006/pos_slices/Track00006_S11_place024.wav,1,1,1,1,1
Track00006,24,185.806,193.548,drum_main,S00,Drums,/Users/hugoposthuma/Downloads/Thesis/babyslakh_16k/Track00006/pos_slices/Track00006_S00_place024.wav,S11,Melody,/Users/hugoposthuma/Downloads/Thesis/babyslakh_16k/Track00006/pos_slices/Track00006_S11_place024.wav,1,1,1,1,1
Track00006,24,185.806,193.548,mel_mel,S01,Melody,/Users/hugoposthuma/Downloads/Thesis/babyslakh_16k/Track00006/pos_slices/Track00006_S01_place024.wav,S09,Melody,/Users/hugoposthuma/Downloads/Thesis/babyslakh_16k/Track00006/pos_slices/Track00006_S09_place024.wav,1,1,1,1,1
Track00006,24,185.806,193.548,mel_mel,S01,Melody,/Users/hugoposthuma/Downloads/Thesis/babyslakh_16k/Track00006/pos_slices/Track00006_S01_place024.wav,S08,Melody,/Users/hugoposthuma/Downloads/Thesis/babyslakh_16k/Track00006/pos_slices/Track00006_S08_place024.wav,1,1,1,1,1
Track00006,24,185.806,193.548,mel_mel,S05,Melody,/Users/hugoposthuma/Downloads/Thesis/babyslakh_16k/Track00006/pos_slices/Track00006_S05_place024.wav,S06,Melody,/Users/hugoposthuma/Downloads/Thesis/babyslakh_16k/Track00006/pos_slices/Track00006_S06_place024.wav,1,1,1,1,1
Track00006,24,185.806,193.548,mel_mel,S04,Melody,/Users/hugoposthuma/Downloads/Thesis/babyslakh_16k/Track00006/pos_slices/Track00006_S04_place024.wav,S10,Melody,/Users/hugoposthuma/Downloads/Thesis/babyslakh_16k/Track00006/pos_slices/Track00006_S10_place024.wav,1,1,1,1,1
Track00007,20,96.97,101.819,drum_bass,S00,Drums,/Users/hugoposthuma/Downloads/Thesis/babyslakh_16k/Track00007/pos_slices/Track00007_S00_place020.wav,S02,Bass,/Users/hugoposthuma/Downloads/Thesis/babyslakh_16k/Track00007/pos_slices/Track00007_S02_place020.wav,1,1,1,1,1
Track00007,20,96.97,101.819,bass_main,S02,Bass,/Users/hugoposthuma/Downloads/Thesis/babyslakh_16k/Track00007/pos_slices/Track00007_S02_place020.wav,S05,Melody,/Users/hugoposthuma/Downloads/Thesis/babyslakh_16k/Track00007/pos_slices/Track00007_S05_place020.wav,1,1,1,1,1
Track00007,20,96.97,101.819,drum_main,S00,Drums,/Users/hugoposthuma/Downloads/Thesis/babyslakh_16k/Track00007/pos_slices/Track00007_S00_place020.wav,S05,Melody,/Users/hugoposthuma/Downloads/Thesis/babyslakh_16k/Track00007/pos_slices/Track00007_S05_place020.wav,1,1,1,1,1
Track00007,20,96.97,101.819,mel_mel,S06,Melody,/Users/hugoposthuma/Downloads/Thesis/babyslakh_16k/Track00007/pos_slices/Track00007_S06_place020.wav,S08,Melody,/Users/hugoposthuma/Downloads/Thesis/babyslakh_16k/Track00007/pos_slices/Track00007_S08_place020.wav,1,1,1,1,1
Track00007,20,96.97,101.819,mel_mel,S04,Melody,/Users/hugoposthuma/Downloads/Thesis/babyslakh_16k/Track00007/pos_slices/Track00007_S04_place020.wav,S05,Melody,/Users/hugoposthuma/Downloads/Thesis/babyslakh_16k/Track00007/pos_slices/Track00007_S05_place020.wav,1,1,1,1,1
Track00007,20,96.97,101.819,mel_mel,S05,Melody,/Users/hugoposthuma/Downloads/Thesis/babyslakh_16k/Track00007/pos_slices/Track00007_S05_place020.wav,S06,Melody,/Users/hugoposthuma/Downloads/Thesis/babyslakh_16k/Track00007/pos_slices/Track00007_S06_place020.wav,1,1,1,1,1
Track00007,20,96.97,101.819,mel_mel,S01,Melody,/Users/hugoposthuma/Downloads/Thesis/babyslakh_16k/Track00007/pos_slices/Track00007_S01_place020.wav,S08,Melody,/Users/hugoposthuma/Downloads/Thesis/babyslakh_16k/Track00007/pos_slices/Track00007_S08_place020.wav,1,1,1,1,1
Track00007,42,203.637,208.486,drum_bass,S00,Drums,/Users/hugoposthuma/Downloads/Thesis/babyslakh_16k/Track00007/pos_slices/Track00007_S00_place042.wav,S02,Bass,/Users/hugoposthuma/Downloads/Thesis/babyslakh_16k/Track00007/pos_slices/Track00007_S02_place042.wav,1,1,1,1,1
Track00007,42,203.637,208.486,bass_main,S02,Bass,/Users/hugoposthuma/Downloads/Thesis/babyslakh_16k/Track00007/pos_slices/Track00007_S02_place042.wav,S05,Melody,/Users/hugoposthuma/Downloads/Thesis/babyslakh_16k/Track00007/pos_slices/Track00007_S05_place042.wav,1,1,1,1,1
Track00007,42,203.637,208.486,drum_main,S00,Drums,/Users/hugoposthuma/Downloads/Thesis/babyslakh_16k/Track00007/pos_slices/Track00007_S00_place042.wav,S05,Melody,/Users/hugoposthuma/Downloads/Thesis/babyslakh_16k/Track00007/pos_slices/Track00007_S05_place042.wav,1,1,1,1,1
Track00007,42,203.637,208.486,mel_mel,S06,Melody,/Users/hugoposthuma/Downloads/Thesis/babyslakh_16k/Track00007/pos_slices/Track00007_S06_place042.wav,S07,Melody,/Users/hugoposthuma/Downloads/Thesis/babyslakh_16k/Track00007/pos_slices/Track00007_S07_place042.wav,1,1,1,1,1
Track00007,42,203.637,208.486,mel_mel,S01,Melody,/Users/hugoposthuma/Downloads/Thesis/babyslakh_16k/Track00007/pos_slices/Track00007_S01_place042.wav,S04,Melody,/Users/hugoposthuma/Downloads/Thesis/babyslakh_16k/Track00007/pos_slices/Track00007_S04_place042.wav,1,1,1,1,1
Track00007,42,203.637,208.486,mel_mel,S05,Melody,/Users/hugoposthuma/Downloads/Thesis/babyslakh_16k/Track00007/pos_slices/Track00007_S05_place042.wav,S08,Melody,/Users/hugoposthuma/Downloads/Thesis/babyslakh_16k/Track00007/pos_slices/Track00007_S08_place042.wav,1,1,1,1,1
Track00007,42,203.637,208.486,mel_mel,S04,Melody,/Users/hugoposthuma/Downloads/Thesis/babyslakh_16k/Track00007/pos_slices/Track00007_S04_place042.wav,S07,Melody,/Users/hugoposthuma/Downloads/Thesis/babyslakh_16k/Track00007/pos_slices/Track00007_S07_place042.wav,1,1,1,1,1
Track00008,3,22.5,30.0,drum_bass,S01,Drums,/Users/hugoposthuma/Downloads/Thesis/babyslakh_16k/Track00008/pos_slices/Track00008_S01_place003.wav,S00,Bass,/Users/hugoposthuma/Downloads/Thesis/babyslakh_16k/Track00008/pos_slices/Track00008_S00_place003.wav,1,1,1,1,1
Track00008,3,22.5,30.0,bass_main,S00,Bass,/Users/hugoposthuma/Downloads/Thesis/babyslakh_16k/Track00008/pos_slices/Track00008_S00_place003.wav,S06,Melody,/Users/hugoposthuma/Downloads/Thesis/babyslakh_16k/Track00008/pos_slices/Track00008_S06_place003.wav,1,1,1,1,1
Track00008,3,22.5,30.0,drum_main,S01,Drums,/Users/hugoposthuma/Downloads/Thesis/babyslakh_16k/Track00008/pos_slices/Track00008_S01_place003.wav,S06,Melody,/Users/hugoposthuma/Downloads/Thesis/babyslakh_16k/Track00008/pos_slices/Track00008_S06_place003.wav,1,1,1,1,1
Track00008,3,22.5,30.0,mel_mel,S04,Melody,/Users/hugoposthuma/Downloads/Thesis/babyslakh_16k/Track00008/pos_slices/Track00008_S04_place003.wav,S06,Melody,/Users/hugoposthuma/Downloads/Thesis/babyslakh_16k/Track00008/pos_slices/Track00008_S06_place003.wav,1,1,1,1,1
Track00008,3,22.5,30.0,mel_mel,S02,Melody,/Users/hugoposthuma/Downloads/Thesis/babyslakh_16k/Track00008/pos_slices/Track00008_S02_place003.wav,S04,Melody,/Users/hugoposthuma/Downloads/Thesis/babyslakh_16k/Track00008/pos_slices/Track00008_S04_place003.wav,1,1,1,1,1
Track00008,3,22.5,30.0,mel_mel,S03,Melody,/Users/hugoposthuma/Downloads/Thesis/babyslakh_16k/Track00008/pos_slices/Track00008_S03_place003.wav,S06,Melody,/Users/hugoposthuma/Downloads/Thesis/babyslakh_16k/Track00008/pos_slices/Track00008_S06_place003.wav,1,1,1,1,1
Track00008,3,22.5,30.0,mel_mel,S02,Melody,/Users/hugoposthuma/Downloads/Thesis/babyslakh_16k/Track00008/pos_slices/Track00008_S02_place003.wav,S03,Melody,/Users/hugoposthuma/Downloads/Thesis/babyslakh_16k/Track00008/pos_slices/Track00008_S03_place003.wav,1,1,1,1,1
Track00008,17,127.5,135.0,drum_bass,S01,Drums,/Users/hugoposthuma/Downloads/Thesis/babyslakh_16k/Track00008/pos_slices/Track00008_S01_place017.wav,S00,Bass,/Users/hugoposthuma/Downloads/Thesis/babyslakh_16k/Track00008/pos_slices/Track00008_S00_place017.wav,1,1,1,1,1
Track00008,17,127.5,135.0,bass_main,S00,Bass,/Users/hugoposthuma/Downloads/Thesis/babyslakh_16k/Track00008/pos_slices/Track00008_S00_place017.wav,S06,Melody,/Users/hugoposthuma/Downloads/Thesis/babyslakh_16k/Track00008/pos_slices/Track00008_S06_place017.wav,1,1,1,1,1
Track00008,17,127.5,135.0,drum_main,S01,Drums,/Users/hugoposthuma/Downloads/Thesis/babyslakh_16k/Track00008/pos_slices/Track00008_S01_place017.wav,S06,Melody,/Users/hugoposthuma/Downloads/Thesis/babyslakh_16k/Track00008/pos_slices/Track00008_S06_place017.wav,1,1,1,1,1
Track00008,17,127.5,135.0,mel_mel,S04,Melody,/Users/hugoposthuma/Downloads/Thesis/babyslakh_16k/Track00008/pos_slices/Track00008_S04_place017.wav,S06,Melody,/Users/hugoposthuma/Downloads/Thesis/babyslakh_16k/Track00008/pos_slices/Track00008_S06_place017.wav,1,1,1,1,1
Track00008,17,127.5,135.0,mel_mel,S03,Melody,/Users/hugoposthuma/Downloads/Thesis/babyslakh_16k/Track00008/pos_slices/Track00008_S03_place017.wav,S04,Melody,/Users/hugoposthuma/Downloads/Thesis/babyslakh_16k/Track00008/pos_slices/Track00008_S04_place017.wav,1,1,1,1,1
Track00008,17,127.5,135.0,mel_mel,S03,Melody,/Users/hugoposthuma/Downloads/Thesis/babyslakh_16k/Track00008/pos_slices/Track00008_S03_place017.wav,S05,Melody,/Users/hugoposthuma/Downloads/Thesis/babyslakh_16k/Track00008/pos_slices/Track00008_S05_place017.wav,1,1,1,1,1
Track00008,17,127.5,135.0,mel_mel,S05,Melody,/Users/hugoposthuma/Downloads/Thesis/babyslakh_16k/Track00008/pos_slices/Track00008_S05_place017.wav,S06,Melody,/Users/hugoposthuma/Downloads/Thesis/babyslakh_16k/Track00008/pos_slices/Track00008_S06_place017.wav,1,1,1,1,1
Track00009,19,76.0,80.0,drum_bass,S07,Drums,/Users/hugoposthuma/Downloads/Thesis/babyslakh_16k/Track00009/pos_slices/Track00009_S07_place019.wav,S06,Bass,/Users/hugoposthuma/Downloads/Thesis/babyslakh_16k/Track00009/pos_slices/Track00009_S06_place019.wav,1,1,1,1,1
Track00009,19,76.0,80.0,bass_main,S06,Bass,/Users/hugoposthuma/Downloads/Thesis/babyslakh_16k/Track00009/pos_slices/Track00009_S06_place019.wav,S00,Melody,/Users/hugoposthuma/Downloads/Thesis/babyslakh_16k/Track00009/pos_slices/Track00009_S00_place019.wav,1,1,1,1,1
Track00009,19,76.0,80.0,drum_main,S07,Drums,/Users/hugoposthuma/Downloads/Thesis/babyslakh_16k/Track00009/pos_slices/Track00009_S07_place019.wav,S00,Melody,/Users/hugoposthuma/Downloads/Thesis/babyslakh_16k/Track00009/pos_slices/Track00009_S00_place019.wav,1,1,1,1,1
Track00009,19,76.0,80.0,mel_mel,S00,Melody,/Users/hugoposthuma/Downloads/Thesis/babyslakh_16k/Track00009/pos_slices/Track00009_S00_place019.wav,S05,Melody,/Users/hugoposthuma/Downloads/Thesis/babyslakh_16k/Track00009/pos_slices/Track00009_S05_place019.wav,1,1,1,1,1
Track00009,19,76.0,80.0,mel_mel,S02,Melody,/Users/hugoposthuma/Downloads/Thesis/babyslakh_16k/Track00009/pos_slices/Track00009_S02_place019.wav,S12,Melody,/Users/hugoposthuma/Downloads/Thesis/babyslakh_16k/Track00009/pos_slices/Track00009_S12_place019.wav,1,1,1,1,1
Track00009,19,76.0,80.0,mel_mel,S00,Melody,/Users/hugoposthuma/Downloads/Thesis/babyslakh_16k/Track00009/pos_slices/Track00009_S00_place019.wav,S02,Melody,/Users/hugoposthuma/Downloads/Thesis/babyslakh_16k/Track00009/pos_slices/Track00009_S02_place019.wav,1,1,1,1,1
Track00009,19,76.0,80.0,mel_mel,S00,Melody,/Users/hugoposthuma/Downloads/Thesis/babyslakh_16k/Track00009/pos_slices/Track00009_S00_place019.wav,S01,Melody,/Users/hugoposthuma/Downloads/Thesis/babyslakh_16k/Track00009/pos_slices/Track00009_S01_place019.wav,1,1,1,1,1
Track00009,23,92.0,96.0,bass_main,S06,Bass,/Users/hugoposthuma/Downloads/Thesis/babyslakh_16k/Track00009/pos_slices/Track00009_S06_place023.wav,S00,Melody,/Users/hugoposthuma/Downloads/Thesis/babyslakh_16k/Track00009/pos_slices/Track00009_S00_place023.wav,1,1,1,1,1
Track00009,23,92.0,96.0,mel_mel,S00,Melody,/Users/hugoposthuma/Downloads/Thesis/babyslakh_16k/Track00009/pos_slices/Track00009_S00_place023.wav,S05,Melody,/Users/hugoposthuma/Downloads/Thesis/babyslakh_16k/Track00009/pos_slices/Track00009_S05_place023.wav,1,1,1,1,1
Track00009,23,92.0,96.0,mel_mel,S02,Melody,/Users/hugoposthuma/Downloads/Thesis/babyslakh_16k/Track00009/pos_slices/Track00009_S02_place023.wav,S03,Melody,/Users/hugoposthuma/Downloads/Thesis/babyslakh_16k/Track00009/pos_slices/Track00009_S03_place023.wav,1,1,1,1,1
Track00009,23,92.0,96.0,mel_mel,S00,Melody,/Users/hugoposthuma/Downloads/Thesis/babyslakh_16k/Track00009/pos_slices/Track00009_S00_place023.wav,S03,Melody,/Users/hugoposthuma/Downloads/Thesis/babyslakh_16k/Track00009/pos_slices/Track00009_S03_place023.wav,1,1,1,1,1
Track00009,23,92.0,96.0,mel_mel,S02,Melody,/Users/hugoposthuma/Downloads/Thesis/babyslakh_16k/Track00009/pos_slices/Track00009_S02_place023.wav,S05,Melody,/Users/hugoposthuma/Downloads/Thesis/babyslakh_16k/Track00009/pos_slices/Track00009_S05_place023.wav,1,1,1,1,1
Track00010,14,66.533,71.286,drum_bass,S06,Drums,/Users/hugoposthuma/Downloads/Thesis/babyslakh_16k/Track00010/pos_slices/Track00010_S06_place014.wav,S00,Bass,/Users/hugoposthuma/Downloads/Thesis/babyslakh_16k/Track00010/pos_slices/Track00010_S00_place014.wav,1,1,1,1,1
Track00010,14,66.533,71.286,bass_main,S00,Bass,/Users/hugoposthuma/Downloads/Thesis/babyslakh_16k/Track00010/pos_slices/Track00010_S00_place014.wav,S04,Melody,/Users/hugoposthuma/Downloads/Thesis/babyslakh_16k/Track00010/pos_slices/Track00010_S04_place014.wav,1,1,1,1,1
Track00010,14,66.533,71.286,drum_main,S06,Drums,/Users/hugoposthuma/Downloads/Thesis/babyslakh_16k/Track00010/pos_slices/Track00010_S06_place014.wav,S04,Melody,/Users/hugoposthuma/Downloads/Thesis/babyslakh_16k/Track00010/pos_slices/Track00010_S04_place014.wav,1,1,1,1,1
Track00010,14,66.533,71.286,mel_mel,S01,Melody,/Users/hugoposthuma/Downloads/Thesis/babyslakh_16k/Track00010/pos_slices/Track00010_S01_place014.wav,S05,Melody,/Users/hugoposthuma/Downloads/Thesis/babyslakh_16k/Track00010/pos_slices/Track00010_S05_place014.wav,1,1,1,1,1
Track00010,14,66.533,71.286,mel_mel,S01,Melody,/Users/hugoposthuma/Downloads/Thesis/babyslakh_16k/Track00010/pos_slices/Track00010_S01_place014.wav,S03,Melody,/Users/hugoposthuma/Downloads/Thesis/babyslakh_16k/Track00010/pos_slices/Track00010_S03_place014.wav,1,1,1,1,1
Track00010,14,66.533,71.286,mel_mel,S02,Melody,/Users/hugoposthuma/Downloads/Thesis/babyslakh_16k/Track00010/pos_slices/Track00010_S02_place014.wav,S05,Melody,/Users/hugoposthuma/Downloads/Thesis/babyslakh_16k/Track00010/pos_slices/Track00010_S05_place014.wav,1,1,1,1,1
Track00010,14,66.533,71.286,mel_mel,S01,Melody,/Users/hugoposthuma/Downloads/Thesis/babyslakh_16k/Track00010/pos_slices/Track00010_S01_place014.wav,S04,Melody,/Users/hugoposthuma/Downloads/Thesis/babyslakh_16k/Track00010/pos_slices/Track00010_S04_place014.wav,1,1,1,1,1
Track00010,26,123.562,128.314,drum_bass,S06,Drums,/Users/hugoposthuma/Downloads/Thesis/babyslakh_16k/Track00010/pos_slices/Track00010_S06_place026.wav,S00,Bass,/Users/hugoposthuma/Downloads/Thesis/babyslakh_16k/Track00010/pos_slices/Track00010_S00_place026.wav,1,1,1,1,1
Track00010,26,123.562,128.314,bass_main,S00,Bass,/Users/hugoposthuma/Downloads/Thesis/babyslakh_16k/Track00010/pos_slices/Track00010_S00_place026.wav,S04,Melody,/Users/hugoposthuma/Downloads/Thesis/babyslakh_16k/Track00010/pos_slices/Track00010_S04_place026.wav,1,1,1,1,1
Track00010,26,123.562,128.314,drum_main,S06,Drums,/Users/hugoposthuma/Downloads/Thesis/babyslakh_16k/Track00010/pos_slices/Track00010_S06_place026.wav,S04,Melody,/Users/hugoposthuma/Downloads/Thesis/babyslakh_16k/Track00010/pos_slices/Track00010_S04_place026.wav,1,1,1,1,1
Track00010,26,123.562,128.314,mel_mel,S02,Melody,/Users/hugoposthuma/Downloads/Thesis/babyslakh_16k/Track00010/pos_slices/Track00010_S02_place026.wav,S04,Melody,/Users/hugoposthuma/Downloads/Thesis/babyslakh_16k/Track00010/pos_slices/Track00010_S04_place026.wav,1,1,1,1,1
Track00010,26,123.562,128.314,mel_mel,S01,Melody,/Users/hugoposthuma/Downloads/Thesis/babyslakh_16k/Track00010/pos_slices/Track00010_S01_place026.wav,S05,Melody,/Users/hugoposthuma/Downloads/Thesis/babyslakh_16k/Track00010/pos_slices/Track00010_S05_place026.wav,1,1,1,1,1
Track00010,26,123.562,128.314,mel_mel,S01,Melody,/Users/hugoposthuma/Downloads/Thesis/babyslakh_16k/Track00010/pos_slices/Track00010_S01_place026.wav,S04,Melody,/Users/hugoposthuma/Downloads/Thesis/babyslakh_16k/Track00010/pos_slices/Track00010_S04_place026.wav,1,1,1,1,1
Track00010,26,123.562,128.314,mel_mel,S04,Melody,/Users/hugoposthuma/Downloads/Thesis/babyslakh_16k/Track00010/pos_slices/Track00010_S04_place026.wav,S05,Melody,/Users/hugoposthuma/Downloads/Thesis/babyslakh_16k/Track00010/pos_slices/Track00010_S05_place026.wav,1,1,1,1,1
Track00011,18,34.56,36.48,drum_bass,S08,Drums,/Users/hugoposthuma/Downloads/Thesis/babyslakh_16k/Track00011/pos_slices/Track00011_S08_place018.wav,S01,Bass,/Users/hugoposthuma/Downloads/Thesis/babyslakh_16k/Track00011/pos_slices/Track00011_S01_place018.wav,1,1,1,1,1
Track00011,18,34.56,36.48,bass_main,S01,Bass,/Users/hugoposthuma/Downloads/Thesis/babyslakh_16k/Track00011/pos_slices/Track00011_S01_place018.wav,S06,Melody,/Users/hugoposthuma/Downloads/Thesis/babyslakh_16k/Track00011/pos_slices/Track00011_S06_place018.wav,1,1,1,1,1
Track00011,18,34.56,36.48,drum_main,S08,Drums,/Users/hugoposthuma/Downloads/Thesis/babyslakh_16k/Track00011/pos_slices/Track00011_S08_place018.wav,S06,Melody,/Users/hugoposthuma/Downloads/Thesis/babyslakh_16k/Track00011/pos_slices/Track00011_S06_place018.wav,1,1,1,1,1
Track00011,18,34.56,36.48,mel_mel,S02,Melody,/Users/hugoposthuma/Downloads/Thesis/babyslakh_16k/Track00011/pos_slices/Track00011_S02_place018.wav,S03,Melody,/Users/hugoposthuma/Downloads/Thesis/babyslakh_16k/Track00011/pos_slices/Track00011_S03_place018.wav,1,1,1,1,1
Track00011,18,34.56,36.48,mel_mel,S00,Melody,/Users/hugoposthuma/Downloads/Thesis/babyslakh_16k/Track00011/pos_slices/Track00011_S00_place018.wav,S05,Melody,/Users/hugoposthuma/Downloads/Thesis/babyslakh_16k/Track00011/pos_slices/Track00011_S05_place018.wav,1,1,1,1,1
Track00011,18,34.56,36.48,mel_mel,S03,Melody,/Users/hugoposthuma/Downloads/Thesis/babyslakh_16k/Track00011/pos_slices/Track00011_S03_place018.wav,S05,Melody,/Users/hugoposthuma/Downloads/Thesis/babyslakh_16k/Track00011/pos_slices/Track00011_S05_place018.wav,1,1,1,1,1
Track00011,18,34.56,36.48,mel_mel,S00,Melody,/Users/hugoposthuma/Downloads/Thesis/babyslakh_16k/Track00011/pos_slices/Track00011_S00_place018.wav,S06,Melody,/Users/hugoposthuma/Downloads/Thesis/babyslakh_16k/Track00011/pos_slices/Track00011_S06_place018.wav,1,1,1,1,1
Track00011,58,111.36,113.28,drum_bass,S08,Drums,/Users/hugoposthuma/Downloads/Thesis/babyslakh_16k/Track00011/pos_slices/Track00011_S08_place058.wav,S01,Bass,/Users/hugoposthuma/Downloads/Thesis/babyslakh_16k/Track00011/pos_slices/Track00011_S01_place058.wav,1,1,1,1,1
Track00011,58,111.36,113.28,bass_main,S01,Bass,/Users/hugoposthuma/Downloads/Thesis/babyslakh_16k/Track00011/pos_slices/Track00011_S01_place058.wav,S07,Melody,/Users/hugoposthuma/Downloads/Thesis/babyslakh_16k/Track00011/pos_slices/Track00011_S07_place058.wav,1,1,1,1,1
Track00011,58,111.36,113.28,drum_main,S08,Drums,/Users/hugoposthuma/Downloads/Thesis/babyslakh_16k/Track00011/pos_slices/Track00011_S08_place058.wav,S07,Melody,/Users/hugoposthuma/Downloads/Thesis/babyslakh_16k/Track00011/pos_slices/Track00011_S07_place058.wav,1,1,1,1,1
Track00011,58,111.36,113.28,mel_mel,S03,Melody,/Users/hugoposthuma/Downloads/Thesis/babyslakh_16k/Track00011/pos_slices/Track00011_S03_place058.wav,S07,Melody,/Users/hugoposthuma/Downloads/Thesis/babyslakh_16k/Track00011/pos_slices/Track00011_S07_place058.wav,1,1,1,1,1
Track00011,58,111.36,113.28,mel_mel,S03,Melody,/Users/hugoposthuma/Downloads/Thesis/babyslakh_16k/Track00011/pos_slices/Track00011_S03_place058.wav,S05,Melody,/Users/hugoposthuma/Downloads/Thesis/babyslakh_16k/Track00011/pos_slices/Track00011_S05_place058.wav,1,1,1,1,1
Track00011,58,111.36,113.28,mel_mel,S04,Melody,/Users/hugoposthuma/Downloads/Thesis/babyslakh_16k/Track00011/pos_slices/Track00011_S04_place058.wav,S07,Melody,/Users/hugoposthuma/Downloads/Thesis/babyslakh_16k/Track00011/pos_slices/Track00011_S07_place058.wav,1,1,1,1,1
Track00011,58,111.36,113.28,mel_mel,S00,Melody,/Users/hugoposthuma/Downloads/Thesis/babyslakh_16k/Track00011/pos_slices/Track00011_S00_place058.wav,S03,Melody,/Users/hugoposthuma/Downloads/Thesis/babyslakh_16k/Track00011/pos_slices/Track00011_S03_place058.wav,1,1,1,1,1
Track00012,15,78.261,83.478,drum_bass,S00,Drums,/Users/hugoposthuma/Downloads/Thesis/babyslakh_16k/Track00012/pos_slices/Track00012_S00_place015.wav,S10,Bass,/Users/hugoposthuma/Downloads/Thesis/babyslakh_16k/Track00012/pos_slices/Track00012_S10_place015.wav,1,1,1,1,1
Track00012,15,78.261,83.478,bass_main,S10,Bass,/Users/hugoposthuma/Downloads/Thesis/babyslakh_16k/Track00012/pos_slices/Track00012_S10_place015.wav,S09,Melody,/Users/hugoposthuma/Downloads/Thesis/babyslakh_16k/Track00012/pos_slices/Track00012_S09_place015.wav,1,1,1,1,1
Track00012,15,78.261,83.478,drum_main,S00,Drums,/Users/hugoposthuma/Downloads/Thesis/babyslakh_16k/Track00012/pos_slices/Track00012_S00_place015.wav,S09,Melody,/Users/hugoposthuma/Downloads/Thesis/babyslakh_16k/Track00012/pos_slices/Track00012_S09_place015.wav,1,1,1,1,1
Track00012,15,78.261,83.478,mel_mel,S07,Melody,/Users/hugoposthuma/Downloads/Thesis/babyslakh_16k/Track00012/pos_slices/Track00012_S07_place015.wav,S09,Melody,/Users/hugoposthuma/Downloads/Thesis/babyslakh_16k/Track00012/pos_slices/Track00012_S09_place015.wav,1,1,1,1,1
Track00012,15,78.261,83.478,mel_mel,S01,Melody,/Users/hugoposthuma/Downloads/Thesis/babyslakh_16k/Track00012/pos_slices/Track00012_S01_place015.wav,S09,Melody,/Users/hugoposthuma/Downloads/Thesis/babyslakh_16k/Track00012/pos_slices/Track00012_S09_place015.wav,1,1,1,1,1
Track00012,15,78.261,83.478,mel_mel,S06,Melody,/Users/hugoposthuma/Downloads/Thesis/babyslakh_16k/Track00012/pos_slices/Track00012_S06_place015.wav,S09,Melody,/Users/hugoposthuma/Downloads/Thesis/babyslakh_16k/Track00012/pos_slices/Track00012_S09_place015.wav,1,1,1,1,1
Track00012,15,78.261,83.478,mel_mel,S02,Melody,/Users/hugoposthuma/Downloads/Thesis/babyslakh_16k/Track00012/pos_slices/Track00012_S02_place015.wav,S06,Melody,/Users/hugoposthuma/Downloads/Thesis/babyslakh_16k/Track00012/pos_slices/Track00012_S06_place015.wav,1,1,1,1,1
Track00012,32,166.956,172.173,drum_bass,S00,Drums,/Users/hugoposthuma/Downloads/Thesis/babyslakh_16k/Track00012/pos_slices/Track00012_S00_place032.wav,S10,Bass,/Users/hugoposthuma/Downloads/Thesis/babyslakh_16k/Track00012/pos_slices/Track00012_S10_place032.wav,1,1,1,1,1
Track00012,32,166.956,172.173,bass_main,S10,Bass,/Users/hugoposthuma/Downloads/Thesis/babyslakh_16k/Track00012/pos_slices/Track00012_S10_place032.wav,S11,Melody,/Users/hugoposthuma/Downloads/Thesis/babyslakh_16k/Track00012/pos_slices/Track00012_S11_place032.wav,1,1,1,1,1
Track00012,32,166.956,172.173,drum_main,S00,Drums,/Users/hugoposthuma/Downloads/Thesis/babyslakh_16k/Track00012/pos_slices/Track00012_S00_place032.wav,S11,Melody,/Users/hugoposthuma/Downloads/Thesis/babyslakh_16k/Track00012/pos_slices/Track00012_S11_place032.wav,1,1,1,1,1
Track00012,32,166.956,172.173,mel_mel,S01,Melody,/Users/hugoposthuma/Downloads/Thesis/babyslakh_16k/Track00012/pos_slices/Track00012_S01_place032.wav,S09,Melody,/Users/hugoposthuma/Downloads/Thesis/babyslakh_16k/Track00012/pos_slices/Track00012_S09_place032.wav,1,1,1,1,1
Track00012,32,166.956,172.173,mel_mel,S03,Melody,/Users/hugoposthuma/Downloads/Thesis/babyslakh_16k/Track00012/pos_slices/Track00012_S03_place032.wav,S07,Melody,/Users/hugoposthuma/Downloads/Thesis/babyslakh_16k/Track00012/pos_slices/Track00012_S07_place032.wav,1,1,1,1,1
Track00012,32,166.956,172.173,mel_mel,S02,Melody,/Users/hugoposthuma/Downloads/Thesis/babyslakh_16k/Track00012/pos_slices/Track00012_S02_place032.wav,S11,Melody,/Users/hugoposthuma/Downloads/Thesis/babyslakh_16k/Track00012/pos_slices/Track00012_S11_place032.wav,1,1,1,1,1
Track00012,32,166.956,172.173,mel_mel,S02,Melody,/Users/hugoposthuma/Downloads/Thesis/babyslakh_16k/Track00012/pos_slices/Track00012_S02_place032.wav,S06,Melody,/Users/hugoposthuma/Downloads/Thesis/babyslakh_16k/Track00012/pos_slices/Track00012_S06_place032.wav,1,1,1,1,1
Track00013,10,37.5,41.25,drum_bass,S08,Drums,/Users/hugoposthuma/Downloads/Thesis/babyslakh_16k/Track00013/pos_slices/Track00013_S08_place010.wav,S00,Bass,/Users/hugoposthuma/Downloads/Thesis/babyslakh_16k/Track00013/pos_slices/Track00013_S00_place010.wav,1,1,1,1,1
Track00013,10,37.5,41.25,bass_main,S00,Bass,/Users/hugoposthuma/Downloads/Thesis/babyslakh_16k/Track00013/pos_slices/Track00013_S00_place010.wav,S07,Melody,/Users/hugoposthuma/Downloads/Thesis/babyslakh_16k/Track00013/pos_slices/Track00013_S07_place010.wav,1,1,1,1,1
Track00013,10,37.5,41.25,drum_main,S08,Drums,/Users/hugoposthuma/Downloads/Thesis/babyslakh_16k/Track00013/pos_slices/Track00013_S08_place010.wav,S07,Melody,/Users/hugoposthuma/Downloads/Thesis/babyslakh_16k/Track00013/pos_slices/Track00013_S07_place010.wav,1,1,1,1,1
Track00013,10,37.5,41.25,mel_mel,S05,Melody,/Users/hugoposthuma/Downloads/Thesis/babyslakh_16k/Track00013/pos_slices/Track00013_S05_place010.wav,S07,Melody,/Users/hugoposthuma/Downloads/Thesis/babyslakh_16k/Track00013/pos_slices/Track00013_S07_place010.wav,1,1,1,1,1
Track00013,10,37.5,41.25,mel_mel,S04,Melody,/Users/hugoposthuma/Downloads/Thesis/babyslakh_16k/Track00013/pos_slices/Track00013_S04_place010.wav,S07,Melody,/Users/hugoposthuma/Downloads/Thesis/babyslakh_16k/Track00013/pos_slices/Track00013_S07_place010.wav,1,1,1,1,1
Track00013,10,37.5,41.25,mel_mel,S03,Melody,/Users/hugoposthuma/Downloads/Thesis/babyslakh_16k/Track00013/pos_slices/Track00013_S03_place010.wav,S05,Melody,/Users/hugoposthuma/Downloads/Thesis/babyslakh_16k/Track00013/pos_slices/Track00013_S05_place010.wav,1,1,1,1,1
Track00013,10,37.5,41.25,mel_mel,S03,Melody,/Users/hugoposthuma/Downloads/Thesis/babyslakh_16k/Track00013/pos_slices/Track00013_S03_place010.wav,S07,Melody,/Users/hugoposthuma/Downloads/Thesis/babyslakh_16k/Track00013/pos_slices/Track00013_S07_place010.wav,1,1,1,1,1
Track00013,33,123.75,127.5,drum_bass,S08,Drums,/Users/hugoposthuma/Downloads/Thesis/babyslakh_16k/Track00013/pos_slices/Track00013_S08_place033.wav,S00,Bass,/Users/hugoposthuma/Downloads/Thesis/babyslakh_16k/Track00013/pos_slices/Track00013_S00_place033.wav,1,1,1,1,1
Track00013,33,123.75,127.5,bass_main,S00,Bass,/Users/hugoposthuma/Downloads/Thesis/babyslakh_16k/Track00013/pos_slices/Track00013_S00_place033.wav,S07,Melody,/Users/hugoposthuma/Downloads/Thesis/babyslakh_16k/Track00013/pos_slices/Track00013_S07_place033.wav,1,1,1,1,1
Track00013,33,123.75,127.5,drum_main,S08,Drums,/Users/hugoposthuma/Downloads/Thesis/babyslakh_16k/Track00013/pos_slices/Track00013_S08_place033.wav,S07,Melody,/Users/hugoposthuma/Downloads/Thesis/babyslakh_16k/Track00013/pos_slices/Track00013_S07_place033.wav,1,1,1,1,1
Track00013,33,123.75,127.5,mel_mel,S03,Melody,/Users/hugoposthuma/Downloads/Thesis/babyslakh_16k/Track00013/pos_slices/Track00013_S03_place033.wav,S07,Melody,/Users/hugoposthuma/Downloads/Thesis/babyslakh_16k/Track00013/pos_slices/Track00013_S07_place033.wav,1,1,1,1,1
Track00013,33,123.75,127.5,mel_mel,S03,Melody,/Users/hugoposthuma/Downloads/Thesis/babyslakh_16k/Track00013/pos_slices/Track00013_S03_place033.wav,S05,Melody,/Users/hugoposthuma/Downloads/Thesis/babyslakh_16k/Track00013/pos_slices/Track00013_S05_place033.wav,1,1,1,1,1
Track00013,33,123.75,127.5,mel_mel,S03,Melody,/Users/hugoposthuma/Downloads/Thesis/babyslakh_16k/Track00013/pos_slices/Track00013_S03_place033.wav,S06,Melody,/Users/hugoposthuma/Downloads/Thesis/babyslakh_16k/Track00013/pos_slices/Track00013_S06_place033.wav,1,1,1,1,1
Track00013,33,123.75,127.5,mel_mel,S05,Melody,/Users/hugoposthuma/Downloads/Thesis/babyslakh_16k/Track00013/pos_slices/Track00013_S05_place033.wav,S07,Melody,/Users/hugoposthuma/Downloads/Thesis/babyslakh_16k/Track00013/pos_slices/Track00013_S07_place033.wav,1,1,1,1,1
Track00014,15,57.6,61.44,drum_bass,S08,Drums,/Users/hugoposthuma/Downloads/Thesis/babyslakh_16k/Track00014/pos_slices/Track00014_S08_place015.wav,S01,Bass,/Users/hugoposthuma/Downloads/Thesis/babyslakh_16k/Track00014/pos_slices/Track00014_S01_place015.wav,1,1,1,1,1
Track00014,15,57.6,61.44,bass_main,S01,Bass,/Users/hugoposthuma/Downloads/Thesis/babyslakh_16k/Track00014/pos_slices/Track00014_S01_place015.wav,S06,Melody,/Users/hugoposthuma/Downloads/Thesis/babyslakh_16k/Track00014/pos_slices/Track00014_S06_place015.wav,1,1,1,1,1
Track00014,15,57.6,61.44,drum_main,S08,Drums,/Users/hugoposthuma/Downloads/Thesis/babyslakh_16k/Track00014/pos_slices/Track00014_S08_place015.wav,S06,Melody,/Users/hugoposthuma/Downloads/Thesis/babyslakh_16k/Track00014/pos_slices/Track00014_S06_place015.wav,1,1,1,1,1
Track00014,15,57.6,61.44,mel_mel,S02,Melody,/Users/hugoposthuma/Downloads/Thesis/babyslakh_16k/Track00014/pos_slices/Track00014_S02_place015.wav,S10,Melody,/Users/hugoposthuma/Downloads/Thesis/babyslakh_16k/Track00014/pos_slices/Track00014_S10_place015.wav,1,1,1,1,1
Track00014,15,57.6,61.44,mel_mel,S03,Melody,/Users/hugoposthuma/Downloads/Thesis/babyslakh_16k/Track00014/pos_slices/Track00014_S03_place015.wav,S06,Melody,/Users/hugoposthuma/Downloads/Thesis/babyslakh_16k/Track00014/pos_slices/Track00014_S06_place015.wav,1,1,1,1,1
Track00014,15,57.6,61.44,mel_mel,S02,Melody,/Users/hugoposthuma/Downloads/Thesis/babyslakh_16k/Track00014/pos_slices/Track00014_S02_place015.wav,S06,Melody,/Users/hugoposthuma/Downloads/Thesis/babyslakh_16k/Track00014/pos_slices/Track00014_S06_place015.wav,1,1,1,1,1
Track00014,15,57.6,61.44,mel_mel,S00,Melody,/Users/hugoposthuma/Downloads/Thesis/babyslakh_16k/Track00014/pos_slices/Track00014_S00_place015.wav,S05,Melody,/Users/hugoposthuma/Downloads/Thesis/babyslakh_16k/Track00014/pos_slices/Track00014_S05_place015.wav,1,1,1,1,1
Track00014,35,134.4,138.24,drum_bass,S08,Drums,/Users/hugoposthuma/Downloads/Thesis/babyslakh_16k/Track00014/pos_slices/Track00014_S08_place035.wav,S01,Bass,/Users/hugoposthuma/Downloads/Thesis/babyslakh_16k/Track00014/pos_slices/Track00014_S01_place035.wav,1,1,1,1,1
Track00014,35,134.4,138.24,bass_main,S01,Bass,/Users/hugoposthuma/Downloads/Thesis/babyslakh_16k/Track00014/pos_slices/Track00014_S01_place035.wav,S06,Melody,/Users/hugoposthuma/Downloads/Thesis/babyslakh_16k/Track00014/pos_slices/Track00014_S06_place035.wav,1,1,1,1,1
Track00014,35,134.4,138.24,drum_main,S08,Drums,/Users/hugoposthuma/Downloads/Thesis/babyslakh_16k/Track00014/pos_slices/Track00014_S08_place035.wav,S06,Melody,/Users/hugoposthuma/Downloads/Thesis/babyslakh_16k/Track00014/pos_slices/Track00014_S06_place035.wav,1,1,1,1,1
Track00014,35,134.4,138.24,mel_mel,S00,Melody,/Users/hugoposthuma/Downloads/Thesis/babyslakh_16k/Track00014/pos_slices/Track00014_S00_place035.wav,S06,Melody,/Users/hugoposthuma/Downloads/Thesis/babyslakh_16k/Track00014/pos_slices/Track00014_S06_place035.wav,1,1,1,1,1
Track00014,35,134.4,138.24,mel_mel,S03,Melody,/Users/hugoposthuma/Downloads/Thesis/babyslakh_16k/Track00014/pos_slices/Track00014_S03_place035.wav,S05,Melody,/Users/hugoposthuma/Downloads/Thesis/babyslakh_16k/Track00014/pos_slices/Track00014_S05_place035.wav,1,1,1,1,1
Track00014,35,134.4,138.24,mel_mel,S03,Melody,/Users/hugoposthuma/Downloads/Thesis/babyslakh_16k/Track00014/pos_slices/Track00014_S03_place035.wav,S07,Melody,/Users/hugoposthuma/Downloads/Thesis/babyslakh_16k/Track00014/pos_slices/Track00014_S07_place035.wav,1,1,1,1,1
Track00014,35,134.4,138.24,mel_mel,S02,Melody,/Users/hugoposthuma/Downloads/Thesis/babyslakh_16k/Track00014/pos_slices/Track00014_S02_place035.wav,S03,Melody,/Users/hugoposthuma/Downloads/Thesis/babyslakh_16k/Track00014/pos_slices/Track00014_S03_place035.wav,1,1,1,1,1
Track00016,13,60.582,65.243,drum_bass,S09,Drums,/Users/hugoposthuma/Downloads/Thesis/babyslakh_16k/Track00016/pos_slices/Track00016_S09_place013.wav,S01,Bass,/Users/hugoposthuma/Downloads/Thesis/babyslakh_16k/Track00016/pos_slices/Track00016_S01_place013.wav,1,1,1,1,1
Track00016,13,60.582,65.243,bass_main,S01,Bass,/Users/hugoposthuma/Downloads/Thesis/babyslakh_16k/Track00016/pos_slices/Track00016_S01_place013.wav,S10,Melody,/Users/hugoposthuma/Downloads/Thesis/babyslakh_16k/Track00016/pos_slices/Track00016_S10_place013.wav,1,1,1,1,1
Track00016,13,60.582,65.243,drum_main,S09,Drums,/Users/hugoposthuma/Downloads/Thesis/babyslakh_16k/Track00016/pos_slices/Track00016_S09_place013.wav,S10,Melody,/Users/hugoposthuma/Downloads/Thesis/babyslakh_16k/Track00016/pos_slices/Track00016_S10_place013.wav,1,1,1,1,1
Track00016,13,60.582,65.243,mel_mel,S00,Melody,/Users/hugoposthuma/Downloads/Thesis/babyslakh_16k/Track00016/pos_slices/Track00016_S00_place013.wav,S15,Melody,/Users/hugoposthuma/Downloads/Thesis/babyslakh_16k/Track00016/pos_slices/Track00016_S15_place013.wav,1,1,1,1,1
Track00016,13,60.582,65.243,mel_mel,S04,Melody,/Users/hugoposthuma/Downloads/Thesis/babyslakh_16k/Track00016/pos_slices/Track00016_S04_place013.wav,S10,Melody,/Users/hugoposthuma/Downloads/Thesis/babyslakh_16k/Track00016/pos_slices/Track00016_S10_place013.wav,1,1,1,1,1
Track00016,13,60.582,65.243,mel_mel,S03,Melody,/Users/hugoposthuma/Downloads/Thesis/babyslakh_16k/Track00016/pos_slices/Track00016_S03_place013.wav,S06,Melody,/Users/hugoposthuma/Downloads/Thesis/babyslakh_16k/Track00016/pos_slices/Track00016_S06_place013.wav,1,1,1,1,1
Track00016,13,60.582,65.243,mel_mel,S02,Melody,/Users/hugoposthuma/Downloads/Thesis/babyslakh_16k/Track00016/pos_slices/Track00016_S02_place013.wav,S15,Melody,/Users/hugoposthuma/Downloads/Thesis/babyslakh_16k/Track00016/pos_slices/Track00016_S15_place013.wav,1,1,1,1,1
Track00016,23,107.184,111.844,drum_bass,S09,Drums,/Users/hugoposthuma/Downloads/Thesis/babyslakh_16k/Track00016/pos_slices/Track00016_S09_place023.wav,S01,Bass,/Users/hugoposthuma/Downloads/Thesis/babyslakh_16k/Track00016/pos_slices/Track00016_S01_place023.wav,1,1,1,1,1
Track00016,23,107.184,111.844,bass_main,S01,Bass,/Users/hugoposthuma/Downloads/Thesis/babyslakh_16k/Track00016/pos_slices/Track00016_S01_place023.wav,S10,Melody,/Users/hugoposthuma/Downloads/Thesis/babyslakh_16k/Track00016/pos_slices/Track00016_S10_place023.wav,1,1,1,1,1
Track00016,23,107.184,111.844,drum_main,S09,Drums,/Users/hugoposthuma/Downloads/Thesis/babyslakh_16k/Track00016/pos_slices/Track00016_S09_place023.wav,S10,Melody,/Users/hugoposthuma/Downloads/Thesis/babyslakh_16k/Track00016/pos_slices/Track00016_S10_place023.wav,1,1,1,1,1
Track00016,23,107.184,111.844,mel_mel,S10,Melody,/Users/hugoposthuma/Downloads/Thesis/babyslakh_16k/Track00016/pos_slices/Track00016_S10_place023.wav,S15,Melody,/Users/hugoposthuma/Downloads/Thesis/babyslakh_16k/Track00016/pos_slices/Track00016_S15_place023.wav,1,1,1,1,1
Track00016,23,107.184,111.844,mel_mel,S03,Melody,/Users/hugoposthuma/Downloads/Thesis/babyslakh_16k/Track00016/pos_slices/Track00016_S03_place023.wav,S15,Melody,/Users/hugoposthuma/Downloads/Thesis/babyslakh_16k/Track00016/pos_slices/Track00016_S15_place023.wav,1,1,1,1,1
Track00016,23,107.184,111.844,mel_mel,S00,Melody,/Users/hugoposthuma/Downloads/Thesis/babyslakh_16k/Track00016/pos_slices/Track00016_S00_place023.wav,S10,Melody,/Users/hugoposthuma/Downloads/Thesis/babyslakh_16k/Track00016/pos_slices/Track00016_S10_place023.wav,1,1,1,1,1
Track00016,23,107.184,111.844,mel_mel,S02,Melody,/Users/hugoposthuma/Downloads/Thesis/babyslakh_16k/Track00016/pos_slices/Track00016_S02_place023.wav,S06,Melody,/Users/hugoposthuma/Downloads/Thesis/babyslakh_16k/Track00016/pos_slices/Track00016_S06_place023.wav,1,1,1,1,1
Track00017,13,60.582,65.243,drum_main,S00,Drums,/Users/hugoposthuma/Downloads/Thesis/babyslakh_16k/Track00017/pos_slices/Track00017_S00_place013.wav,S03,Melody,/Users/hugoposthuma/Downloads/Thesis/babyslakh_16k/Track00017/pos_slices/Track00017_S03_place013.wav,1,1,1,1,1
Track00017,13,60.582,65.243,mel_mel,S01,Melody,/Users/hugoposthuma/Downloads/Thesis/babyslakh_16k/Track00017/pos_slices/Track00017_S01_place013.wav,S05,Melody,/Users/hugoposthuma/Downloads/Thesis/babyslakh_16k/Track00017/pos_slices/Track00017_S05_place013.wav,1,1,1,1,1
Track00017,13,60.582,65.243,mel_mel,S01,Melody,/Users/hugoposthuma/Downloads/Thesis/babyslakh_16k/Track00017/pos_slices/Track00017_S01_place013.wav,S06,Melody,/Users/hugoposthuma/Downloads/Thesis/babyslakh_16k/Track00017/pos_slices/Track00017_S06_place013.wav,1,1,1,1,1
Track00017,13,60.582,65.243,mel_mel,S03,Melody,/Users/hugoposthuma/Downloads/Thesis/babyslakh_16k/Track00017/pos_slices/Track00017_S03_place013.wav,S07,Melody,/Users/hugoposthuma/Downloads/Thesis/babyslakh_16k/Track00017/pos_slices/Track00017_S07_place013.wav,1,1,1,1,1
Track00017,13,60.582,65.243,mel_mel,S02,Melody,/Users/hugoposthuma/Downloads/Thesis/babyslakh_16k/Track00017/pos_slices/Track00017_S02_place013.wav,S07,Melody,/Users/hugoposthuma/Downloads/Thesis/babyslakh_16k/Track00017/pos_slices/Track00017_S07_place013.wav,1,1,1,1,1
Track00017,33,153.786,158.446,drum_main,S00,Drums,/Users/hugoposthuma/Downloads/Thesis/babyslakh_16k/Track00017/pos_slices/Track00017_S00_place033.wav,S03,Melody,/Users/hugoposthuma/Downloads/Thesis/babyslakh_16k/Track00017/pos_slices/Track00017_S03_place033.wav,1,1,1,1,1
Track00017,33,153.786,158.446,mel_mel,S02,Melody,/Users/hugoposthuma/Downloads/Thesis/babyslakh_16k/Track00017/pos_slices/Track00017_S02_place033.wav,S07,Melody,/Users/hugoposthuma/Downloads/Thesis/babyslakh_16k/Track00017/pos_slices/Track00017_S07_place033.wav,1,1,1,1,1
Track00017,33,153.786,158.446,mel_mel,S01,Melody,/Users/hugoposthuma/Downloads/Thesis/babyslakh_16k/Track00017/pos_slices/Track00017_S01_place033.wav,S07,Melody,/Users/hugoposthuma/Downloads/Thesis/babyslakh_16k/Track00017/pos_slices/Track00017_S07_place033.wav,1,1,1,1,1
Track00017,33,153.786,158.446,mel_mel,S03,Melody,/Users/hugoposthuma/Downloads/Thesis/babyslakh_16k/Track00017/pos_slices/Track00017_S03_place033.wav,S07,Melody,/Users/hugoposthuma/Downloads/Thesis/babyslakh_16k/Track00017/pos_slices/Track00017_S07_place033.wav,1,1,1,1,1
Track00017,33,153.786,158.446,mel_mel,S03,Melody,/Users/hugoposthuma/Downloads/Thesis/babyslakh_16k/Track00017/pos_slices/Track00017_S03_place033.wav,S05,Melody,/Users/hugoposthuma/Downloads/Thesis/babyslakh_16k/Track00017/pos_slices/Track00017_S05_place033.wav,1,1,1,1,1
Track00018,39,136.641,140.145,bass_main,S15,Bass,/Users/hugoposthuma/Downloads/Thesis/babyslakh_16k/Track00018/pos_slices/Track00018_S15_place039.wav,S03,Melody,/Users/hugoposthuma/Downloads/Thesis/babyslakh_16k/Track00018/pos_slices/Track00018_S03_place039.wav,1,1,1,1,1
Track00018,39,136.641,140.145,mel_mel,S01,Melody,/Users/hugoposthuma/Downloads/Thesis/babyslakh_16k/Track00018/pos_slices/Track00018_S01_place039.wav,S05,Melody,/Users/hugoposthuma/Downloads/Thesis/babyslakh_16k/Track00018/pos_slices/Track00018_S05_place039.wav,1,1,1,1,1
Track00018,39,136.641,140.145,mel_mel,S03,Melody,/Users/hugoposthuma/Downloads/Thesis/babyslakh_16k/Track00018/pos_slices/Track00018_S03_place039.wav,S05,Melody,/Users/hugoposthuma/Downloads/Thesis/babyslakh_16k/Track00018/pos_slices/Track00018_S05_place039.wav,1,1,1,1,1
Track00018,39,136.641,140.145,mel_mel,S07,Melody,/Users/hugoposthuma/Downloads/Thesis/babyslakh_16k/Track00018/pos_slices/Track00018_S07_place039.wav,S11,Melody,/Users/hugoposthuma/Downloads/Thesis/babyslakh_16k/Track00018/pos_slices/Track00018_S11_place039.wav,1,1,1,1,1
Track00018,39,136.641,140.145,mel_mel,S01,Melody,/Users/hugoposthuma/Downloads/Thesis/babyslakh_16k/Track00018/pos_slices/Track00018_S01_place039.wav,S03,Melody,/Users/hugoposthuma/Downloads/Thesis/babyslakh_16k/Track00018/pos_slices/Track00018_S03_place039.wav,1,1,1,1,1
Track00018,60,210.218,213.721,drum_bass,S17,Drums,/Users/hugoposthuma/Downloads/Thesis/babyslakh_16k/Track00018/pos_slices/Track00018_S17_place060.wav,S16,Bass,/Users/hugoposthuma/Downloads/Thesis/babyslakh_16k/Track00018/pos_slices/Track00018_S16_place060.wav,1,1,1,1,1
Track00018,60,210.218,213.721,bass_main,S16,Bass,/Users/hugoposthuma/Downloads/Thesis/babyslakh_16k/Track00018/pos_slices/Track00018_S16_place060.wav,S14,Melody,/Users/hugoposthuma/Downloads/Thesis/babyslakh_16k/Track00018/pos_slices/Track00018_S14_place060.wav,1,1,1,1,1
Track00018,60,210.218,213.721,drum_main,S17,Drums,/Users/hugoposthuma/Downloads/Thesis/babyslakh_16k/Track00018/pos_slices/Track00018_S17_place060.wav,S14,Melody,/Users/hugoposthuma/Downloads/Thesis/babyslakh_16k/Track00018/pos_slices/Track00018_S14_place060.wav,1,1,1,1,1
Track00018,60,210.218,213.721,mel_mel,S00,Melody,/Users/hugoposthuma/Downloads/Thesis/babyslakh_16k/Track00018/pos_slices/Track00018_S00_place060.wav,S10,Melody,/Users/hugoposthuma/Downloads/Thesis/babyslakh_16k/Track00018/pos_slices/Track00018_S10_place060.wav,1,1,1,1,1
Track00018,60,210.218,213.721,mel_mel,S00,Melody,/Users/hugoposthuma/Downloads/Thesis/babyslakh_16k/Track00018/pos_slices/Track00018_S00_place060.wav,S07,Melody,/Users/hugoposthuma/Downloads/Thesis/babyslakh_16k/Track00018/pos_slices/Track00018_S07_place060.wav,1,1,1,1,1
Track00018,60,210.218,213.721,mel_mel,S02,Melody,/Users/hugoposthuma/Downloads/Thesis/babyslakh_16k/Track00018/pos_slices/Track00018_S02_place060.wav,S14,Melody,/Users/hugoposthuma/Downloads/Thesis/babyslakh_16k/Track00018/pos_slices/Track00018_S14_place060.wav,1,1,1,1,1
Track00018,60,210.218,213.721,mel_mel,S02,Melody,/Users/hugoposthuma/Downloads/Thesis/babyslakh_16k/Track00018/pos_slices/Track00018_S02_place060.wav,S10,Melody,/Users/hugoposthuma/Downloads/Thesis/babyslakh_16k/Track00018/pos_slices/Track00018_S10_place060.wav,1,1,1,1,1
Track00019,15,56.693,60.472,drum_bass,S02,Drums,/Users/hugoposthuma/Downloads/Thesis/babyslakh_16k/Track00019/pos_slices/Track00019_S02_place015.wav,S08,Bass,/Users/hugoposthuma/Downloads/Thesis/babyslakh_16k/Track00019/pos_slices/Track00019_S08_place015.wav,1,1,1,1,1
Track00019,15,56.693,60.472,bass_main,S08,Bass,/Users/hugoposthuma/Downloads/Thesis/babyslakh_16k/Track00019/pos_slices/Track00019_S08_place015.wav,S10,Melody,/Users/hugoposthuma/Downloads/Thesis/babyslakh_16k/Track00019/pos_slices/Track00019_S10_place015.wav,1,1,1,1,1
Track00019,15,56.693,60.472,drum_main,S02,Drums,/Users/hugoposthuma/Downloads/Thesis/babyslakh_16k/Track00019/pos_slices/Track00019_S02_place015.wav,S10,Melody,/Users/hugoposthuma/Downloads/Thesis/babyslakh_16k/Track00019/pos_slices/Track00019_S10_place015.wav,1,1,1,1,1
Track00019,15,56.693,60.472,mel_mel,S00,Melody,/Users/hugoposthuma/Downloads/Thesis/babyslakh_16k/Track00019/pos_slices/Track00019_S00_place015.wav,S10,Melody,/Users/hugoposthuma/Downloads/Thesis/babyslakh_16k/Track00019/pos_slices/Track00019_S10_place015.wav,1,1,1,1,1
Track00019,15,56.693,60.472,mel_mel,S11,Melody,/Users/hugoposthuma/Downloads/Thesis/babyslakh_16k/Track00019/pos_slices/Track00019_S11_place015.wav,S14,Melody,/Users/hugoposthuma/Downloads/Thesis/babyslakh_16k/Track00019/pos_slices/Track00019_S14_place015.wav,1,1,1,1,1
Track00019,15,56.693,60.472,mel_mel,S00,Melody,/Users/hugoposthuma/Downloads/Thesis/babyslakh_16k/Track00019/pos_slices/Track00019_S00_place015.wav,S04,Melody,/Users/hugoposthuma/Downloads/Thesis/babyslakh_16k/Track00019/pos_slices/Track00019_S04_place015.wav,1,1,1,1,1
Track00019,15,56.693,60.472,mel_mel,S13,Melody,/Users/hugoposthuma/Downloads/Thesis/babyslakh_16k/Track00019/pos_slices/Track00019_S13_place015.wav,S14,Melody,/Users/hugoposthuma/Downloads/Thesis/babyslakh_16k/Track00019/pos_slices/Track00019_S14_place015.wav,1,1,1,1,1
Track00019,32,120.944,124.724,drum_bass,S02,Drums,/Users/hugoposthuma/Downloads/Thesis/babyslakh_16k/Track00019/pos_slices/Track00019_S02_place032.wav,S08,Bass,/Users/hugoposthuma/Downloads/Thesis/babyslakh_16k/Track00019/pos_slices/Track00019_S08_place032.wav,1,1,1,1,1
Track00019,32,120.944,124.724,bass_main,S08,Bass,/Users/hugoposthuma/Downloads/Thesis/babyslakh_16k/Track00019/pos_slices/Track00019_S08_place032.wav,S10,Melody,/Users/hugoposthuma/Downloads/Thesis/babyslakh_16k/Track00019/pos_slices/Track00019_S10_place032.wav,1,1,1,1,1
Track00019,32,120.944,124.724,drum_main,S02,Drums,/Users/hugoposthuma/Downloads/Thesis/babyslakh_16k/Track00019/pos_slices/Track00019_S02_place032.wav,S10,Melody,/Users/hugoposthuma/Downloads/Thesis/babyslakh_16k/Track00019/pos_slices/Track00019_S10_place032.wav,1,1,1,1,1
Track00019,32,120.944,124.724,mel_mel,S00,Melody,/Users/hugoposthuma/Downloads/Thesis/babyslakh_16k/Track00019/pos_slices/Track00019_S00_place032.wav,S11,Melody,/Users/hugoposthuma/Downloads/Thesis/babyslakh_16k/Track00019/pos_slices/Track00019_S11_place032.wav,1,1,1,1,1
Track00019,32,120.944,124.724,mel_mel,S00,Melody,/Users/hugoposthuma/Downloads/Thesis/babyslakh_16k/Track00019/pos_slices/Track00019_S00_place032.wav,S12,Melody,/Users/hugoposthuma/Downloads/Thesis/babyslakh_16k/Track00019/pos_slices/Track00019_S12_place032.wav,1,1,1,1,1
Track00019,32,120.944,124.724,mel_mel,S10,Melody,/Users/hugoposthuma/Downloads/Thesis/babyslakh_16k/Track00019/pos_slices/Track00019_S10_place032.wav,S13,Melody,/Users/hugoposthuma/Downloads/Thesis/babyslakh_16k/Track00019/pos_slices/Track00019_S13_place032.wav,1,1,1,1,1
Track00019,32,120.944,124.724,mel_mel,S00,Melody,/Users/hugoposthuma/Downloads/Thesis/babyslakh_16k/Track00019/pos_slices/Track00019_S00_place032.wav,S13,Melody,/Users/hugoposthuma/Downloads/Thesis/babyslakh_16k/Track00019/pos_slices/Track00019_S13_place032.wav,1,1,1,1,1
Track00020,8,32.0,36.0,drum_bass,S00,Drums,/Users/hugoposthuma/Downloads/Thesis/babyslakh_16k/Track00020/pos_slices/Track00020_S00_place008.wav,S01,Bass,/Users/hugoposthuma/Downloads/Thesis/babyslakh_16k/Track00020/pos_slices/Track00020_S01_place008.wav,1,1,1,1,1
Track00020,8,32.0,36.0,bass_main,S01,Bass,/Users/hugoposthuma/Downloads/Thesis/babyslakh_16k/Track00020/pos_slices/Track00020_S01_place008.wav,S05,Melody,/Users/hugoposthuma/Downloads/Thesis/babyslakh_16k/Track00020/pos_slices/Track00020_S05_place008.wav,1,1,1,1,1
Track00020,8,32.0,36.0,drum_main,S00,Drums,/Users/hugoposthuma/Downloads/Thesis/babyslakh_16k/Track00020/pos_slices/Track00020_S00_place008.wav,S05,Melody,/Users/hugoposthuma/Downloads/Thesis/babyslakh_16k/Track00020/pos_slices/Track00020_S05_place008.wav,1,1,1,1,1
Track00020,8,32.0,36.0,mel_mel,S04,Melody,/Users/hugoposthuma/Downloads/Thesis/babyslakh_16k/Track00020/pos_slices/Track00020_S04_place008.wav,S07,Melody,/Users/hugoposthuma/Downloads/Thesis/babyslakh_16k/Track00020/pos_slices/Track00020_S07_place008.wav,1,1,1,1,1
Track00020,8,32.0,36.0,mel_mel,S06,Melody,/Users/hugoposthuma/Downloads/Thesis/babyslakh_16k/Track00020/pos_slices/Track00020_S06_place008.wav,S08,Melody,/Users/hugoposthuma/Downloads/Thesis/babyslakh_16k/Track00020/pos_slices/Track00020_S08_place008.wav,1,1,1,1,1
Track00020,8,32.0,36.0,mel_mel,S02,Melody,/Users/hugoposthuma/Downloads/Thesis/babyslakh_16k/Track00020/pos_slices/Track00020_S02_place008.wav,S05,Melody,/Users/hugoposthuma/Downloads/Thesis/babyslakh_16k/Track00020/pos_slices/Track00020_S05_place008.wav,1,1,1,1,1
Track00020,8,32.0,36.0,mel_mel,S04,Melody,/Users/hugoposthuma/Downloads/Thesis/babyslakh_16k/Track00020/pos_slices/Track00020_S04_place008.wav,S06,Melody,/Users/hugoposthuma/Downloads/Thesis/babyslakh_16k/Track00020/pos_slices/Track00020_S06_place008.wav,1,1,1,1,1
Track00020,43,172.0,176.0,drum_bass,S00,Drums,/Users/hugoposthuma/Downloads/Thesis/babyslakh_16k/Track00020/pos_slices/Track00020_S00_place043.wav,S01,Bass,/Users/hugoposthuma/Downloads/Thesis/babyslakh_16k/Track00020/pos_slices/Track00020_S01_place043.wav,1,1,1,1,1
Track00020,43,172.0,176.0,bass_main,S01,Bass,/Users/hugoposthuma/Downloads/Thesis/babyslakh_16k/Track00020/pos_slices/Track00020_S01_place043.wav,S05,Melody,/Users/hugoposthuma/Downloads/Thesis/babyslakh_16k/Track00020/pos_slices/Track00020_S05_place043.wav,1,1,1,1,1
Track00020,43,172.0,176.0,drum_main,S00,Drums,/Users/hugoposthuma/Downloads/Thesis/babyslakh_16k/Track00020/pos_slices/Track00020_S00_place043.wav,S05,Melody,/Users/hugoposthuma/Downloads/Thesis/babyslakh_16k/Track00020/pos_slices/Track00020_S05_place043.wav,1,1,1,1,1
Track00020,43,172.0,176.0,mel_mel,S03,Melody,/Users/hugoposthuma/Downloads/Thesis/babyslakh_16k/Track00020/pos_slices/Track00020_S03_place043.wav,S05,Melody,/Users/hugoposthuma/Downloads/Thesis/babyslakh_16k/Track00020/pos_slices/Track00020_S05_place043.wav,1,1,1,1,1
Track00020,43,172.0,176.0,mel_mel,S04,Melody,/Users/hugoposthuma/Downloads/Thesis/babyslakh_16k/Track00020/pos_slices/Track00020_S04_place043.wav,S05,Melody,/Users/hugoposthuma/Downloads/Thesis/babyslakh_16k/Track00020/pos_slices/Track00020_S05_place043.wav,1,1,1,1,1
Track00020,43,172.0,176.0,mel_mel,S03,Melody,/Users/hugoposthuma/Downloads/Thesis/babyslakh_16k/Track00020/pos_slices/Track00020_S03_place043.wav,S06,Melody,/Users/hugoposthuma/Downloads/Thesis/babyslakh_16k/Track00020/pos_slices/Track00020_S06_place043.wav,1,1,1,1,1
Track00020,43,172.0,176.0,mel_mel,S03,Melody,/Users/hugoposthuma/Downloads/Thesis/babyslakh_16k/Track00020/pos_slices/Track00020_S03_place043.wav,S07,Melody,/Users/hugoposthuma/Downloads/Thesis/babyslakh_16k/Track00020/pos_slices/Track00020_S07_place043.wav,1,1,1,1,1
